<?xml version="1.0" encoding="UTF-8" standalone="yes"?>
<file>
    <export_information>
        <export_date>2018-09-25T23:05:15.253</export_date>
        <export_version>1.0</export_version>
        <software_version>5.08.110</software_version>
    </export_information>
    <fileurl>https://IGELRMSERVER.demo.dc.igel.de:8443/ums_filetransfer/raceboard.jpg</fileurl>
    <name>raceboard.jpg</name>
    <id>656355</id>
    <tcurl></tcurl>
    <classification>0</classification>
    <md5>E790BC92ED971059521E46339F3C235B</md5>
    <md5date>2018-05-09T08:55:54.281-07:00</md5date>
    <username> </username>
    <password> </password>
    <owner>user</owner>
    <permission>rwx---</permission>
    <file_hidden>0</file_hidden>
    <assignments>
        <fwcs>
            <id>656359</id>
        </fwcs>
    </assignments>
</file>
