<?xml version="1.0" encoding="UTF-8" standalone="yes"?>
<fwc>
    <export_information>
        <export_date>2018-09-25T23:05:15.253</export_date>
        <export_version>1.0</export_version>
        <software_version>5.08.110</software_version>
    </export_information>
    <id>656359</id>
    <name>raceboard</name>
    <use_case_active>IMAGE_WALLPAPER</use_case_active>
    <password>00254326562c5879037306681e6b4c6907700a7e046a11334067097c5e2e0c780a2b592e5a2e08</password>
    <fwc_use_case_setting>
        <use_case>IMAGE_WALLPAPER</use_case>
        <fwc_settings_parameter>
            <fwcSettingsParameter>
                <state>Constant</state>
                <os_type>Any</os_type>
                <active>true</active>
                <mandatory_input_check>false</mandatory_input_check>
                <name>useFwuServerSettings</name>
                <key>windowmanager.customization.custom_wallpaper.usefirmwareupdateloc</key>
                <value>false</value>
                <default_value>false</default_value>
                <instance_id>-1</instance_id>
            </fwcSettingsParameter>
            <fwcSettingsParameter>
                <state>Constant</state>
                <os_type>Any</os_type>
                <active>true</active>
                <mandatory_input_check>false</mandatory_input_check>
                <name>serverProtocol</name>
                <key>windowmanager.customization.custom_wallpaper.protocol</key>
                <value>https</value>
                <default_value>https</default_value>
                <instance_id>-1</instance_id>
            </fwcSettingsParameter>
            <fwcSettingsParameter>
                <state>Constant</state>
                <os_type>Any</os_type>
                <active>true</active>
                <mandatory_input_check>false</mandatory_input_check>
                <name>serverName</name>
                <key>windowmanager.customization.custom_wallpaper.https.server</key>
                <value>$SERVERIP</value>
                <default_value>$SERVERIP</default_value>
                <instance_id>-1</instance_id>
            </fwcSettingsParameter>
            <fwcSettingsParameter>
                <state>Constant</state>
                <os_type>Any</os_type>
                <active>true</active>
                <mandatory_input_check>false</mandatory_input_check>
                <name>serverPath</name>
                <key>windowmanager.customization.custom_wallpaper.https.path</key>
                <value>$FILEPATH</value>
                <default_value>$FILEPATH</default_value>
                <instance_id>-1</instance_id>
            </fwcSettingsParameter>
            <fwcSettingsParameter>
                <state>Constant</state>
                <os_type>Any</os_type>
                <active>true</active>
                <mandatory_input_check>false</mandatory_input_check>
                <name>serverPort</name>
                <key>windowmanager.customization.custom_wallpaper.https.port</key>
                <value>$SERVERPORT</value>
                <default_value>$SERVERPORT</default_value>
                <instance_id>-1</instance_id>
            </fwcSettingsParameter>
            <fwcSettingsParameter>
                <state>Constant</state>
                <os_type>Any</os_type>
                <active>true</active>
                <mandatory_input_check>false</mandatory_input_check>
                <name>USER_NAME</name>
                <key>windowmanager.customization.custom_wallpaper.https.user</key>
                <value>IGEL_INTERNAL_FIRMWARE_CUSTOMIZATION_USER</value>
                <default_value>IGEL_INTERNAL_FIRMWARE_CUSTOMIZATION_USER</default_value>
                <instance_id>-1</instance_id>
            </fwcSettingsParameter>
            <fwcSettingsParameter>
                <state>Constant</state>
                <os_type>Any</os_type>
                <active>true</active>
                <mandatory_input_check>false</mandatory_input_check>
                <name>USER_PASSWORD</name>
                <key>windowmanager.customization.custom_wallpaper.https.crypt_password</key>
                <value>Wallpaper UserPassword</value>
                <default_value>Wallpaper UserPassword</default_value>
                <instance_id>-1</instance_id>
            </fwcSettingsParameter>
            <fwcSettingsParameter>
                <state>Mutable</state>
                <os_type>Any</os_type>
                <active>true</active>
                <mandatory_input_check>false</mandatory_input_check>
                <name>Monitor1</name>
                <key></key>
                <value>656355</value>
                <instance_id>-1</instance_id>
            </fwcSettingsParameter>
            <fwcSettingsParameter>
                <state>Constant</state>
                <os_type>Any</os_type>
                <active>true</active>
                <mandatory_input_check>false</mandatory_input_check>
                <name>ActivationMonitor1</name>
                <key>windowmanager.customization.custom_wallpaper.wallpaper.enabled</key>
                <value>$ACTIVATION</value>
                <default_value>$ACTIVATION</default_value>
                <instance_id>-1</instance_id>
            </fwcSettingsParameter>
            <fwcSettingsParameter>
                <state>Constant</state>
                <os_type>Any</os_type>
                <active>true</active>
                <mandatory_input_check>false</mandatory_input_check>
                <name>File_NameMonitor1</name>
                <key>windowmanager.customization.custom_wallpaper.wallpaper.filename</key>
                <value>$FILENAME</value>
                <default_value>$FILENAME</default_value>
                <instance_id>-1</instance_id>
            </fwcSettingsParameter>
            <fwcSettingsParameter>
                <state>Constant</state>
                <os_type>Any</os_type>
                <active>true</active>
                <mandatory_input_check>false</mandatory_input_check>
                <name>File_IDMonitor1</name>
                <key>windowmanager.customization.custom_wallpaper.wallpaper.fwc_fileid</key>
                <value>$FILEID</value>
                <default_value>$FILEID</default_value>
                <instance_id>-1</instance_id>
            </fwcSettingsParameter>
            <fwcSettingsParameter>
                <state>Mutable</state>
                <os_type>Any</os_type>
                <active>false</active>
                <mandatory_input_check>false</mandatory_input_check>
                <name>Monitor2</name>
                <key></key>
                <value></value>
                <instance_id>-1</instance_id>
            </fwcSettingsParameter>
            <fwcSettingsParameter>
                <state>Constant</state>
                <os_type>Any</os_type>
                <active>true</active>
                <mandatory_input_check>false</mandatory_input_check>
                <name>ActivationMonitor2</name>
                <key>windowmanager.customization.custom_wallpaper.wallpaper_2.enabled</key>
                <value>$ACTIVATION</value>
                <default_value>$ACTIVATION</default_value>
                <instance_id>-1</instance_id>
            </fwcSettingsParameter>
            <fwcSettingsParameter>
                <state>Constant</state>
                <os_type>Any</os_type>
                <active>true</active>
                <mandatory_input_check>false</mandatory_input_check>
                <name>File_NameMonitor2</name>
                <key>windowmanager.customization.custom_wallpaper.wallpaper_2.filename</key>
                <value>$FILENAME</value>
                <default_value>$FILENAME</default_value>
                <instance_id>-1</instance_id>
            </fwcSettingsParameter>
            <fwcSettingsParameter>
                <state>Constant</state>
                <os_type>Any</os_type>
                <active>true</active>
                <mandatory_input_check>false</mandatory_input_check>
                <name>File_IDMonitor2</name>
                <key>windowmanager.customization.custom_wallpaper.wallpaper_2.fwc_fileid</key>
                <value>$FILEID</value>
                <default_value>$FILEID</default_value>
                <instance_id>-1</instance_id>
            </fwcSettingsParameter>
            <fwcSettingsParameter>
                <state>Mutable</state>
                <os_type>Any</os_type>
                <active>false</active>
                <mandatory_input_check>false</mandatory_input_check>
                <name>Monitor3</name>
                <key></key>
                <value></value>
                <instance_id>-1</instance_id>
            </fwcSettingsParameter>
            <fwcSettingsParameter>
                <state>Constant</state>
                <os_type>Any</os_type>
                <active>true</active>
                <mandatory_input_check>false</mandatory_input_check>
                <name>ActivationMonitor3</name>
                <key>windowmanager.customization.custom_wallpaper.wallpaper_3.enabled</key>
                <value>$ACTIVATION</value>
                <default_value>$ACTIVATION</default_value>
                <instance_id>-1</instance_id>
            </fwcSettingsParameter>
            <fwcSettingsParameter>
                <state>Constant</state>
                <os_type>Any</os_type>
                <active>true</active>
                <mandatory_input_check>false</mandatory_input_check>
                <name>File_NameMonitor3</name>
                <key>windowmanager.customization.custom_wallpaper.wallpaper_3.filename</key>
                <value>$FILENAME</value>
                <default_value>$FILENAME</default_value>
                <instance_id>-1</instance_id>
            </fwcSettingsParameter>
            <fwcSettingsParameter>
                <state>Constant</state>
                <os_type>Any</os_type>
                <active>true</active>
                <mandatory_input_check>false</mandatory_input_check>
                <name>File_IDMonitor3</name>
                <key>windowmanager.customization.custom_wallpaper.wallpaper_3.fwc_fileid</key>
                <value>$FILEID</value>
                <default_value>$FILEID</default_value>
                <instance_id>-1</instance_id>
            </fwcSettingsParameter>
            <fwcSettingsParameter>
                <state>Mutable</state>
                <os_type>Any</os_type>
                <active>false</active>
                <mandatory_input_check>false</mandatory_input_check>
                <name>Monitor4</name>
                <key></key>
                <value></value>
                <instance_id>-1</instance_id>
            </fwcSettingsParameter>
            <fwcSettingsParameter>
                <state>Constant</state>
                <os_type>Any</os_type>
                <active>true</active>
                <mandatory_input_check>false</mandatory_input_check>
                <name>ActivationMonitor4</name>
                <key>windowmanager.customization.custom_wallpaper.wallpaper_4.enabled</key>
                <value>$ACTIVATION</value>
                <default_value>$ACTIVATION</default_value>
                <instance_id>-1</instance_id>
            </fwcSettingsParameter>
            <fwcSettingsParameter>
                <state>Constant</state>
                <os_type>Any</os_type>
                <active>true</active>
                <mandatory_input_check>false</mandatory_input_check>
                <name>File_NameMonitor4</name>
                <key>windowmanager.customization.custom_wallpaper.wallpaper_4.filename</key>
                <value>$FILENAME</value>
                <default_value>$FILENAME</default_value>
                <instance_id>-1</instance_id>
            </fwcSettingsParameter>
            <fwcSettingsParameter>
                <state>Constant</state>
                <os_type>Any</os_type>
                <active>true</active>
                <mandatory_input_check>false</mandatory_input_check>
                <name>File_IDMonitor4</name>
                <key>windowmanager.customization.custom_wallpaper.wallpaper_4.fwc_fileid</key>
                <value>$FILEID</value>
                <default_value>$FILEID</default_value>
                <instance_id>-1</instance_id>
            </fwcSettingsParameter>
            <fwcSettingsParameter>
                <state>Mutable</state>
                <os_type>Any</os_type>
                <active>false</active>
                <mandatory_input_check>false</mandatory_input_check>
                <name>Monitor5</name>
                <key></key>
                <value></value>
                <instance_id>-1</instance_id>
            </fwcSettingsParameter>
            <fwcSettingsParameter>
                <state>Constant</state>
                <os_type>Any</os_type>
                <active>true</active>
                <mandatory_input_check>false</mandatory_input_check>
                <name>ActivationMonitor5</name>
                <key>windowmanager.customization.custom_wallpaper.wallpaper_5.enabled</key>
                <value>$ACTIVATION</value>
                <default_value>$ACTIVATION</default_value>
                <instance_id>-1</instance_id>
            </fwcSettingsParameter>
            <fwcSettingsParameter>
                <state>Constant</state>
                <os_type>Any</os_type>
                <active>true</active>
                <mandatory_input_check>false</mandatory_input_check>
                <name>File_NameMonitor5</name>
                <key>windowmanager.customization.custom_wallpaper.wallpaper_5.filename</key>
                <value>$FILENAME</value>
                <default_value>$FILENAME</default_value>
                <instance_id>-1</instance_id>
            </fwcSettingsParameter>
            <fwcSettingsParameter>
                <state>Constant</state>
                <os_type>Any</os_type>
                <active>true</active>
                <mandatory_input_check>false</mandatory_input_check>
                <name>File_IDMonitor5</name>
                <key>windowmanager.customization.custom_wallpaper.wallpaper_5.fwc_fileid</key>
                <value>$FILEID</value>
                <default_value>$FILEID</default_value>
                <instance_id>-1</instance_id>
            </fwcSettingsParameter>
            <fwcSettingsParameter>
                <state>Mutable</state>
                <os_type>Any</os_type>
                <active>false</active>
                <mandatory_input_check>false</mandatory_input_check>
                <name>Monitor6</name>
                <key></key>
                <value></value>
                <instance_id>-1</instance_id>
            </fwcSettingsParameter>
            <fwcSettingsParameter>
                <state>Constant</state>
                <os_type>Any</os_type>
                <active>true</active>
                <mandatory_input_check>false</mandatory_input_check>
                <name>ActivationMonitor6</name>
                <key>windowmanager.customization.custom_wallpaper.wallpaper_6.enabled</key>
                <value>$ACTIVATION</value>
                <default_value>$ACTIVATION</default_value>
                <instance_id>-1</instance_id>
            </fwcSettingsParameter>
            <fwcSettingsParameter>
                <state>Constant</state>
                <os_type>Any</os_type>
                <active>true</active>
                <mandatory_input_check>false</mandatory_input_check>
                <name>File_NameMonitor6</name>
                <key>windowmanager.customization.custom_wallpaper.wallpaper_6.filename</key>
                <value>$FILENAME</value>
                <default_value>$FILENAME</default_value>
                <instance_id>-1</instance_id>
            </fwcSettingsParameter>
            <fwcSettingsParameter>
                <state>Constant</state>
                <os_type>Any</os_type>
                <active>true</active>
                <mandatory_input_check>false</mandatory_input_check>
                <name>File_IDMonitor6</name>
                <key>windowmanager.customization.custom_wallpaper.wallpaper_6.fwc_fileid</key>
                <value>$FILEID</value>
                <default_value>$FILEID</default_value>
                <instance_id>-1</instance_id>
            </fwcSettingsParameter>
            <fwcSettingsParameter>
                <state>Mutable</state>
                <os_type>Any</os_type>
                <active>false</active>
                <mandatory_input_check>false</mandatory_input_check>
                <name>Monitor7</name>
                <key></key>
                <value></value>
                <instance_id>-1</instance_id>
            </fwcSettingsParameter>
            <fwcSettingsParameter>
                <state>Constant</state>
                <os_type>Any</os_type>
                <active>true</active>
                <mandatory_input_check>false</mandatory_input_check>
                <name>ActivationMonitor7</name>
                <key>windowmanager.customization.custom_wallpaper.wallpaper_7.enabled</key>
                <value>$ACTIVATION</value>
                <default_value>$ACTIVATION</default_value>
                <instance_id>-1</instance_id>
            </fwcSettingsParameter>
            <fwcSettingsParameter>
                <state>Constant</state>
                <os_type>Any</os_type>
                <active>true</active>
                <mandatory_input_check>false</mandatory_input_check>
                <name>File_NameMonitor7</name>
                <key>windowmanager.customization.custom_wallpaper.wallpaper_7.filename</key>
                <value>$FILENAME</value>
                <default_value>$FILENAME</default_value>
                <instance_id>-1</instance_id>
            </fwcSettingsParameter>
            <fwcSettingsParameter>
                <state>Constant</state>
                <os_type>Any</os_type>
                <active>true</active>
                <mandatory_input_check>false</mandatory_input_check>
                <name>File_IDMonitor7</name>
                <key>windowmanager.customization.custom_wallpaper.wallpaper_7.fwc_fileid</key>
                <value>$FILEID</value>
                <default_value>$FILEID</default_value>
                <instance_id>-1</instance_id>
            </fwcSettingsParameter>
            <fwcSettingsParameter>
                <state>Mutable</state>
                <os_type>Any</os_type>
                <active>false</active>
                <mandatory_input_check>false</mandatory_input_check>
                <name>Monitor8</name>
                <key></key>
                <value></value>
                <instance_id>-1</instance_id>
            </fwcSettingsParameter>
            <fwcSettingsParameter>
                <state>Constant</state>
                <os_type>Any</os_type>
                <active>true</active>
                <mandatory_input_check>false</mandatory_input_check>
                <name>ActivationMonitor8</name>
                <key>windowmanager.customization.custom_wallpaper.wallpaper_8.enabled</key>
                <value>$ACTIVATION</value>
                <default_value>$ACTIVATION</default_value>
                <instance_id>-1</instance_id>
            </fwcSettingsParameter>
            <fwcSettingsParameter>
                <state>Constant</state>
                <os_type>Any</os_type>
                <active>true</active>
                <mandatory_input_check>false</mandatory_input_check>
                <name>File_NameMonitor8</name>
                <key>windowmanager.customization.custom_wallpaper.wallpaper_8.filename</key>
                <value>$FILENAME</value>
                <default_value>$FILENAME</default_value>
                <instance_id>-1</instance_id>
            </fwcSettingsParameter>
            <fwcSettingsParameter>
                <state>Constant</state>
                <os_type>Any</os_type>
                <active>true</active>
                <mandatory_input_check>false</mandatory_input_check>
                <name>File_IDMonitor8</name>
                <key>windowmanager.customization.custom_wallpaper.wallpaper_8.fwc_fileid</key>
                <value>$FILEID</value>
                <default_value>$FILEID</default_value>
                <instance_id>-1</instance_id>
            </fwcSettingsParameter>
        </fwc_settings_parameter>
    </fwc_use_case_setting>
    <assignments>
        <urlfiles>
            <id>656355</id>
        </urlfiles>
    </assignments>
</fwc>
