<?xml version="1.0" encoding="UTF-8" standalone="yes"?>
<profile>
    <profile_id>660096</profile_id>
    <profilename>Raceboard Display</profilename>
    <firmware>
        <model>IGEL UD Pocket</model>
        <version>10.03.500.01</version>
    </firmware>
    <description>Assign this to the device that displays the raceboard.  Can be multiple devices</description>
    <overwritesessions>false</overwritesessions>
    <is_master_profile>false</is_master_profile>
    <settings>
        <pclass name="x.xserver%.standbytime_bat">
            <pvalue instancenr="0" variableExpression="" variableSubstitutionActive="false">0</pvalue>
            <variableSubstitutionActive>false</variableSubstitutionActive>
        </pclass>
        <pclass name="windowmanager.wm%.enabled">
            <pvalue instancenr="0" variableExpression="" variableSubstitutionActive="false">false</pvalue>
            <variableSubstitutionActive>false</variableSubstitutionActive>
        </pclass>
        <pclass name="x.xserver%.standbytime">
            <pvalue instancenr="0" variableExpression="" variableSubstitutionActive="false">0</pvalue>
            <variableSubstitutionActive>false</variableSubstitutionActive>
        </pclass>
        <pclass name="userinterface.rccustom.custom_cmd_nodeaction">
            <pvalue instancenr="-1" variableExpression="" variableSubstitutionActive="false">if &amp;lb ! -f /wfs/raceboard_first_run &amp;rb; then
touch /wfs/raceboard_first_run
sleep 1
user_reboot -f
fi</pvalue>
            <variableSubstitutionActive>false</variableSubstitutionActive>
        </pclass>
        <pclass name="x.xserver%.suspendtime_bat">
            <pvalue instancenr="0" variableExpression="" variableSubstitutionActive="false">0</pvalue>
            <variableSubstitutionActive>false</variableSubstitutionActive>
        </pclass>
        <pclass name="userinterface.rmagent.enable_usermessage">
            <pvalue instancenr="-1" variableExpression="" variableSubstitutionActive="false">false</pvalue>
            <variableSubstitutionActive>false</variableSubstitutionActive>
        </pclass>
        <pclass name="custom_partition.mountpoint">
            <pvalue instancenr="-1" variableExpression="" variableSubstitutionActive="false">/custom</pvalue>
            <variableSubstitutionActive>false</variableSubstitutionActive>
        </pclass>
        <pclass name="userinterface.rccustom.custom_cmd_x11_final">
            <pvalue instancenr="-1" variableExpression="" variableSubstitutionActive="false">/custom/update_wallpaper_daemon.sh</pvalue>
            <variableSubstitutionActive>false</variableSubstitutionActive>
        </pclass>
        <pclass name="custom_partition.size">
            <pvalue instancenr="-1" variableExpression="" variableSubstitutionActive="false">100m</pvalue>
            <variableSubstitutionActive>false</variableSubstitutionActive>
        </pclass>
        <pclass name="windowmanager.wm%.variables.usetaskbar">
            <pvalue instancenr="0" variableExpression="" variableSubstitutionActive="false">false</pvalue>
            <variableSubstitutionActive>false</variableSubstitutionActive>
        </pclass>
        <pclass name="x.xserver%.offtime_bat">
            <pvalue instancenr="0" variableExpression="" variableSubstitutionActive="false">0</pvalue>
            <variableSubstitutionActive>false</variableSubstitutionActive>
        </pclass>
        <pclass name="custom_partition.enabled">
            <pvalue instancenr="-1" variableExpression="" variableSubstitutionActive="false">true</pvalue>
            <variableSubstitutionActive>false</variableSubstitutionActive>
        </pclass>
        <pclass name="windowmanager.wm%.variables.usecompositing">
            <pvalue instancenr="0" variableExpression="" variableSubstitutionActive="false">true</pvalue>
            <variableSubstitutionActive>false</variableSubstitutionActive>
        </pclass>
        <pclass name="x.xserver%.suspendtime">
            <pvalue instancenr="0" variableExpression="" variableSubstitutionActive="false">0</pvalue>
            <variableSubstitutionActive>false</variableSubstitutionActive>
        </pclass>
        <pclass name="x.xserver%.usedpms">
            <pvalue instancenr="0" variableExpression="" variableSubstitutionActive="false">true</pvalue>
            <variableSubstitutionActive>false</variableSubstitutionActive>
        </pclass>
        <pclass name="windowmanager.wm%.variables.notifications.opacity">
            <pvalue instancenr="0" variableExpression="" variableSubstitutionActive="false">1</pvalue>
            <variableSubstitutionActive>false</variableSubstitutionActive>
        </pclass>
        <pclass name="userinterface.rmagent.enable_usermessage_on_boot">
            <pvalue instancenr="-1" variableExpression="" variableSubstitutionActive="false">false</pvalue>
            <variableSubstitutionActive>false</variableSubstitutionActive>
        </pclass>
        <pclass name="x.xserver%.offtime">
            <pvalue instancenr="0" variableExpression="" variableSubstitutionActive="false">0</pvalue>
            <variableSubstitutionActive>false</variableSubstitutionActive>
        </pclass>
        <pclass name="sessions.xlock%.options.autolock">
            <pvalue instancenr="0" variableExpression="" variableSubstitutionActive="false">false</pvalue>
            <variableSubstitutionActive>false</variableSubstitutionActive>
        </pclass>
    </settings>
    <instancesettings>
        <instance classprefix="custom_partition.source%" serialnumber="185a9fa:1635ba28ed5:-7fff192.168.0.2">
            <ivalue classname="custom_partition.source%.username" variableExpression="" variableSubstitutionActive="false">ADMIN</ivalue>
            <ivalue classname="custom_partition.source%.url" variableExpression="" variableSubstitutionActive="false">http://igelrmserver:9080/ums_filetransfer/make_raceboard.inf</ivalue>
            <ivalue classname="custom_partition.source%.password" variableExpression="" variableSubstitutionActive="false"></ivalue>
            <ivalue classname="custom_partition.source%.init_action" variableExpression="" variableSubstitutionActive="false">/custom/make_raceboard_init.sh</ivalue>
            <ivalue classname="custom_partition.source%.final_action" variableExpression="" variableSubstitutionActive="false"></ivalue>
            <ivalue classname="custom_partition.source%.crypt_password" variableExpression="" variableSubstitutionActive="false">00064322052b012c</ivalue>
            <ivalue classname="custom_partition.source%.autoupdate" variableExpression="" variableSubstitutionActive="false">false</ivalue>
        </instance>
        <instance classprefix="network.smbmount%" serialnumber="185a9fa:1635ba28ed5:-7ffe192.168.0.2">
            <ivalue classname="network.smbmount%.username" variableExpression="" variableSubstitutionActive="false">administrator@demo.dc.igel.de</ivalue>
            <ivalue classname="network.smbmount%.share" variableExpression="" variableSubstitutionActive="false">c$</ivalue>
            <ivalue classname="network.smbmount%.server" variableExpression="" variableSubstitutionActive="false">igelrmserver</ivalue>
            <ivalue classname="network.smbmount%.security_mode" variableExpression="" variableSubstitutionActive="false">ntlmv2</ivalue>
            <ivalue classname="network.smbmount%.password" variableExpression="" variableSubstitutionActive="false"></ivalue>
            <ivalue classname="network.smbmount%.mountpoint" variableExpression="" variableSubstitutionActive="false">/smbmount</ivalue>
            <ivalue classname="network.smbmount%.mount_user" variableExpression="" variableSubstitutionActive="false">true</ivalue>
            <ivalue classname="network.smbmount%.file_mode" variableExpression="" variableSubstitutionActive="false">644</ivalue>
            <ivalue classname="network.smbmount%.enabled" variableExpression="" variableSubstitutionActive="false">true</ivalue>
            <ivalue classname="network.smbmount%.domain" variableExpression="" variableSubstitutionActive="false"></ivalue>
            <ivalue classname="network.smbmount%.dir_mode" variableExpression="" variableSubstitutionActive="false">755</ivalue>
            <ivalue classname="network.smbmount%.crypt_password" variableExpression="" variableSubstitutionActive="false">0009430a2e082756255727</ivalue>
            <ivalue classname="network.smbmount%.connect_timeout" variableExpression="" variableSubstitutionActive="false">5</ivalue>
        </instance>
    </instancesettings>
</profile>
