<?xml version="1.0" encoding="UTF-8" standalone="yes"?>
<profile>
    <profile_id>654860</profile_id>
    <profilename>Make Raceboard</profilename>
    <firmware>
        <model>IGEL UD Pocket</model>
        <version>10.03.500.01</version>
    </firmware>
    <description>Assign this to the device that will be used to manage the raceboard display.  Can also BE the raceboard display.</description>
    <overwritesessions>false</overwritesessions>
    <is_master_profile>false</is_master_profile>
    <settings>
        <pclass name="x.xserver%.offtime_bat">
            <pvalue instancenr="0" variableExpression="" variableSubstitutionActive="false">0</pvalue>
            <variableSubstitutionActive>false</variableSubstitutionActive>
        </pclass>
        <pclass name="x.xserver%.standbytime_bat">
            <pvalue instancenr="0" variableExpression="" variableSubstitutionActive="false">0</pvalue>
            <variableSubstitutionActive>false</variableSubstitutionActive>
        </pclass>
        <pclass name="x.xserver%.standbytime">
            <pvalue instancenr="0" variableExpression="" variableSubstitutionActive="false">0</pvalue>
            <variableSubstitutionActive>false</variableSubstitutionActive>
        </pclass>
        <pclass name="custom_partition.enabled">
            <pvalue instancenr="-1" variableExpression="" variableSubstitutionActive="false">true</pvalue>
            <variableSubstitutionActive>false</variableSubstitutionActive>
        </pclass>
        <pclass name="x.xserver%.suspendtime_bat">
            <pvalue instancenr="0" variableExpression="" variableSubstitutionActive="false">0</pvalue>
            <variableSubstitutionActive>false</variableSubstitutionActive>
        </pclass>
        <pclass name="x.xserver%.suspendtime">
            <pvalue instancenr="0" variableExpression="" variableSubstitutionActive="false">0</pvalue>
            <variableSubstitutionActive>false</variableSubstitutionActive>
        </pclass>
        <pclass name="custom_partition.mountpoint">
            <pvalue instancenr="-1" variableExpression="" variableSubstitutionActive="false">/custom</pvalue>
            <variableSubstitutionActive>false</variableSubstitutionActive>
        </pclass>
        <pclass name="windowmanager.wm%.variables.notifications.opacity">
            <pvalue instancenr="0" variableExpression="" variableSubstitutionActive="false">0</pvalue>
            <variableSubstitutionActive>false</variableSubstitutionActive>
        </pclass>
        <pclass name="custom_partition.size">
            <pvalue instancenr="-1" variableExpression="" variableSubstitutionActive="false">100m</pvalue>
            <variableSubstitutionActive>false</variableSubstitutionActive>
        </pclass>
        <pclass name="x.xserver%.offtime">
            <pvalue instancenr="0" variableExpression="" variableSubstitutionActive="false">0</pvalue>
            <variableSubstitutionActive>false</variableSubstitutionActive>
        </pclass>
    </settings>
    <instancesettings>
        <instance classprefix="custom_partition.source%" serialnumber="405b4e37:16343a62955:-8000192.168.0.2">
            <ivalue classname="custom_partition.source%.autoupdate" variableExpression="" variableSubstitutionActive="false">false</ivalue>
            <ivalue classname="custom_partition.source%.crypt_password" variableExpression="" variableSubstitutionActive="false">00064322052b012c</ivalue>
            <ivalue classname="custom_partition.source%.final_action" variableExpression="" variableSubstitutionActive="false"></ivalue>
            <ivalue classname="custom_partition.source%.init_action" variableExpression="" variableSubstitutionActive="false">/custom/make_raceboard_init.sh</ivalue>
            <ivalue classname="custom_partition.source%.password" variableExpression="" variableSubstitutionActive="false"></ivalue>
            <ivalue classname="custom_partition.source%.url" variableExpression="" variableSubstitutionActive="false">http://igelrmserver:9080/ums_filetransfer/make_raceboard.inf</ivalue>
            <ivalue classname="custom_partition.source%.username" variableExpression="" variableSubstitutionActive="false">ADMIN</ivalue>
        </instance>
        <instance classprefix="network.smbmount%" serialnumber="405b4e37:16343a62955:-7fff192.168.0.2">
            <ivalue classname="network.smbmount%.connect_timeout" variableExpression="" variableSubstitutionActive="false">5</ivalue>
            <ivalue classname="network.smbmount%.crypt_password" variableExpression="" variableSubstitutionActive="false">0009430a2e082756255727</ivalue>
            <ivalue classname="network.smbmount%.dir_mode" variableExpression="" variableSubstitutionActive="false">755</ivalue>
            <ivalue classname="network.smbmount%.domain" variableExpression="" variableSubstitutionActive="false"></ivalue>
            <ivalue classname="network.smbmount%.enabled" variableExpression="" variableSubstitutionActive="false">true</ivalue>
            <ivalue classname="network.smbmount%.file_mode" variableExpression="" variableSubstitutionActive="false">644</ivalue>
            <ivalue classname="network.smbmount%.mount_user" variableExpression="" variableSubstitutionActive="false">true</ivalue>
            <ivalue classname="network.smbmount%.mountpoint" variableExpression="" variableSubstitutionActive="false">/smbmount</ivalue>
            <ivalue classname="network.smbmount%.password" variableExpression="" variableSubstitutionActive="false"></ivalue>
            <ivalue classname="network.smbmount%.security_mode" variableExpression="" variableSubstitutionActive="false">ntlmv2</ivalue>
            <ivalue classname="network.smbmount%.server" variableExpression="" variableSubstitutionActive="false">igelrmserver</ivalue>
            <ivalue classname="network.smbmount%.share" variableExpression="" variableSubstitutionActive="false">c$</ivalue>
            <ivalue classname="network.smbmount%.username" variableExpression="" variableSubstitutionActive="false">administrator@demo.dc.igel.de</ivalue>
        </instance>
        <instance classprefix="sessions.custom_application%" serialnumber="405b4e37:16343a62955:-7ffe192.168.0.2">
            <ivalue classname="sessions.custom_application%.applaunch" variableExpression="" variableSubstitutionActive="false">false</ivalue>
            <ivalue classname="sessions.custom_application%.applaunch_path" variableExpression="" variableSubstitutionActive="false"></ivalue>
            <ivalue classname="sessions.custom_application%.applaunch_system" variableExpression="" variableSubstitutionActive="false">false</ivalue>
            <ivalue classname="sessions.custom_application%.autostart" variableExpression="" variableSubstitutionActive="false">false</ivalue>
            <ivalue classname="sessions.custom_application%.cmdline" variableExpression="" variableSubstitutionActive="false">/custom/make_raceboard.sh</ivalue>
            <ivalue classname="sessions.custom_application%.desktop" variableExpression="" variableSubstitutionActive="false">false</ivalue>
            <ivalue classname="sessions.custom_application%.desktop_path" variableExpression="" variableSubstitutionActive="false"></ivalue>
            <ivalue classname="sessions.custom_application%.hotkey" variableExpression="" variableSubstitutionActive="false"></ivalue>
            <ivalue classname="sessions.custom_application%.hotkeymodifier" variableExpression="" variableSubstitutionActive="false">None</ivalue>
            <ivalue classname="sessions.custom_application%.icon" variableExpression="" variableSubstitutionActive="false">applications-other</ivalue>
            <ivalue classname="sessions.custom_application%.menu_path" variableExpression="" variableSubstitutionActive="false"></ivalue>
            <ivalue classname="sessions.custom_application%.name" variableExpression="" variableSubstitutionActive="false">Update Raceboard</ivalue>
            <ivalue classname="sessions.custom_application%.position" variableExpression="" variableSubstitutionActive="false">0</ivalue>
            <ivalue classname="sessions.custom_application%.pulldown" variableExpression="" variableSubstitutionActive="false">true</ivalue>
            <ivalue classname="sessions.custom_application%.pwprotected" variableExpression="" variableSubstitutionActive="false">none</ivalue>
            <ivalue classname="sessions.custom_application%.quick_start" variableExpression="" variableSubstitutionActive="false">false</ivalue>
            <ivalue classname="sessions.custom_application%.restart" variableExpression="" variableSubstitutionActive="false">false</ivalue>
            <ivalue classname="sessions.custom_application%.scardautostart" variableExpression="" variableSubstitutionActive="false">false</ivalue>
            <ivalue classname="sessions.custom_application%.snotify" variableExpression="" variableSubstitutionActive="false">true</ivalue>
            <ivalue classname="sessions.custom_application%.startmenu" variableExpression="" variableSubstitutionActive="false">false</ivalue>
            <ivalue classname="sessions.custom_application%.startmenu_system" variableExpression="" variableSubstitutionActive="false">false</ivalue>
            <ivalue classname="sessions.custom_application%.usehotkey" variableExpression="" variableSubstitutionActive="false">false</ivalue>
            <ivalue classname="sessions.custom_application%.waitfornetwork" variableExpression="" variableSubstitutionActive="false">true</ivalue>
            <ivalue classname="sessions.custom_application%.waittime2autostart" variableExpression="" variableSubstitutionActive="false">0</ivalue>
            <ivalue classname="sessions.custom_application%.waittime2restart" variableExpression="" variableSubstitutionActive="false">0</ivalue>
        </instance>
        <instance classprefix="sessions.custom_application%" serialnumber="185a9fa:1635ba28ed5:-8000192.168.0.2">
            <ivalue classname="sessions.custom_application%.applaunch" variableExpression="" variableSubstitutionActive="false">false</ivalue>
            <ivalue classname="sessions.custom_application%.applaunch_path" variableExpression="" variableSubstitutionActive="false"></ivalue>
            <ivalue classname="sessions.custom_application%.applaunch_system" variableExpression="" variableSubstitutionActive="false">false</ivalue>
            <ivalue classname="sessions.custom_application%.autostart" variableExpression="" variableSubstitutionActive="false">false</ivalue>
            <ivalue classname="sessions.custom_application%.cmdline" variableExpression="" variableSubstitutionActive="false">/custom/make_raceboard.sh --rescue</ivalue>
            <ivalue classname="sessions.custom_application%.desktop" variableExpression="" variableSubstitutionActive="false">false</ivalue>
            <ivalue classname="sessions.custom_application%.desktop_path" variableExpression="" variableSubstitutionActive="false"></ivalue>
            <ivalue classname="sessions.custom_application%.hotkey" variableExpression="" variableSubstitutionActive="false"></ivalue>
            <ivalue classname="sessions.custom_application%.hotkeymodifier" variableExpression="" variableSubstitutionActive="false">None</ivalue>
            <ivalue classname="sessions.custom_application%.icon" variableExpression="" variableSubstitutionActive="false">applications-other</ivalue>
            <ivalue classname="sessions.custom_application%.menu_path" variableExpression="" variableSubstitutionActive="false"></ivalue>
            <ivalue classname="sessions.custom_application%.name" variableExpression="" variableSubstitutionActive="false">Update Raceboard (Manual)</ivalue>
            <ivalue classname="sessions.custom_application%.position" variableExpression="" variableSubstitutionActive="false">0</ivalue>
            <ivalue classname="sessions.custom_application%.pulldown" variableExpression="" variableSubstitutionActive="false">true</ivalue>
            <ivalue classname="sessions.custom_application%.pwprotected" variableExpression="" variableSubstitutionActive="false">none</ivalue>
            <ivalue classname="sessions.custom_application%.quick_start" variableExpression="" variableSubstitutionActive="false">false</ivalue>
            <ivalue classname="sessions.custom_application%.restart" variableExpression="" variableSubstitutionActive="false">false</ivalue>
            <ivalue classname="sessions.custom_application%.scardautostart" variableExpression="" variableSubstitutionActive="false">false</ivalue>
            <ivalue classname="sessions.custom_application%.snotify" variableExpression="" variableSubstitutionActive="false">true</ivalue>
            <ivalue classname="sessions.custom_application%.startmenu" variableExpression="" variableSubstitutionActive="false">false</ivalue>
            <ivalue classname="sessions.custom_application%.startmenu_system" variableExpression="" variableSubstitutionActive="false">false</ivalue>
            <ivalue classname="sessions.custom_application%.usehotkey" variableExpression="" variableSubstitutionActive="false">false</ivalue>
            <ivalue classname="sessions.custom_application%.waitfornetwork" variableExpression="" variableSubstitutionActive="false">true</ivalue>
            <ivalue classname="sessions.custom_application%.waittime2autostart" variableExpression="" variableSubstitutionActive="false">0</ivalue>
            <ivalue classname="sessions.custom_application%.waittime2restart" variableExpression="" variableSubstitutionActive="false">0</ivalue>
        </instance>
    </instancesettings>
</profile>
